Top queries,Clicks,Impressions,CTR,Position
provident fund calculator,13,96,13.54%,5.6
provident fund calculator pakistan,5,39,12.82%,6.87
emi calculator,3,23,13.04%,23.3
pf calculator pakistan,3,14,21.43%,6.86
pf fund calculator,1,16,6.25%,7.69
loan calculator pakistan,1,14,7.14%,66.14
pf deduction calculator,1,13,7.69%,7
loan emi calculator,1,11,9.09%,20.09
pf deduction,1,6,16.67%,5.33
pf deduction percentage,1,6,16.67%,7.83
fbr salary tax slabs 2025-26,1,4,25%,13
how to calculate provident fund in pakistan,1,2,50%,9.5
emi converter,1,1,100%,1
emi percentage calculator,1,1,100%,1
pf investment calculator,1,1,100%,2
emi.calculator,1,1,100%,5
gratuity is calculated on gross or basic,1,1,100%,12
hec cgpa calculator,1,1,100%,27
1 murabba to kanal,0,393,0%,9.7
murabba to kanal,0,80,0%,10.2
provident fund calculation in pakistan,0,52,0%,12.71
zakat calculator 2026 pakistan,0,36,0%,10.39
1 murabba to kanal in pakistan,0,35,0%,10.06
"""1% increase in price"" ""11% increase in profit""",0,27,0%,8.11
1100 marks percentage,0,26,0%,6.81
1 murabba in kanal,0,25,0%,11
gratuity calculator pakistan,0,22,0%,29.91
marks percentage calculator,0,16,0%,53.38
200 murabba to kanal,0,15,0%,8.27
12 murabba to kanal,0,14,0%,11
one murabba is equal to kanal,0,13,0%,8.08
pf calculator,0,13,0%,9.85
pf percentage in pakistan,0,13,0%,9.85
zakat calculator pakistan 2026,0,12,0%,9.17
income tax,0,12,0%,61.67
how to calculate percentage of marks,0,12,0%,64.92
1100 total marks percentage,0,11,0%,8.36
percentage calculator of marks,0,11,0%,54.18
percentage calculator marks,0,11,0%,54.73
gratuity law in pakistan,0,11,0%,58.36
2 murabba in kanal,0,10,0%,10.3
murabba into kanal,0,10,0%,10.8
provident fund percentage,0,9,0%,6.44
provident fund formula,0,9,0%,6.78
percentage of marks calculator,0,9,0%,54.44
how to find percentage of marks,0,9,0%,59.22
marks to percentage calculator,0,9,0%,62.89
loan calculator,0,9,0%,89.44
10 murabba to kanal,0,8,0%,9.38
matric percentage calculator,0,8,0%,13.62
bmi calculator pakistan,0,8,0%,56.25
provident fund calculation,0,7,0%,6.86
matric division calculator,0,7,0%,8.86
muraba to kanal,0,7,0%,11
provident fund percentage in pakistan,0,7,0%,11.71
mark percentage calculator,0,7,0%,44
calculate percentage of marks,0,7,0%,61.71
fbr income tax slabs,0,7,0%,63
income tax in pakistan,0,7,0%,69.57
personal loan calculator pakistan,0,7,0%,71.29
income tax pakistan,0,7,0%,74.14
zakat calculator,0,7,0%,76.14
1 lakh zakat calculator,0,6,0%,3.5
provident fund calculation formula,0,6,0%,6.17
1 acre to kanal conversion pakistan,0,6,0%,9
i murabba in kanal,0,6,0%,9.17
murabba in kanal,0,6,0%,10.5
1 kanal in gaz,0,6,0%,16.33
emi calculator pakistan,0,6,0%,40.83
how to check percentage of marks,0,6,0%,43.5
percentage calculator for marks,0,6,0%,51.67
percentage marks calculator,0,6,0%,55.5
grade calculator,0,6,0%,68.33
5 murabba in kanal,0,5,0%,8.6
pf deduction from salary calculation,0,5,0%,9.4
1 murabba to killa in pakistan,0,5,0%,9.8
how many kanals in one murabba,0,5,0%,10
850 out of 1100 as a percentage,0,5,0%,11.4
monthly installment,0,5,0%,33.2
marks calculator percentage,0,5,0%,53.4
percentage mark calculator,0,5,0%,59.4
zakat nisab,0,5,0%,73.2
income tax calculator,0,5,0%,75.8
pakistan investment bonds calculation,0,5,0%,77.4
vehicle installments calculator,0,5,0%,81.2
fbr tax slab,0,5,0%,83.8
taxable income,0,5,0%,86.6
zakat computation,0,5,0%,87
how is provident fund calculated,0,4,0%,4.75
pf in salary,0,4,0%,7.75
1 murabba into kanal,0,4,0%,8
pf rate,0,4,0%,8
obtain marks,0,4,0%,9.5
pf contribution calculation,0,4,0%,9.5
how many kanal in 1 murabba,0,4,0%,9.75
kanal to murabba calculator,0,4,0%,10.5
matric percentage,0,4,0%,10.5
1 killa to kanal in pakistan,0,4,0%,11.75
bank loan calculator pakistan,0,4,0%,23.5
provident fund,0,4,0%,43
pakistan income tax,0,4,0%,59.25
how to get percentage of marks,0,4,0%,59.5
sslc marks calculator,0,4,0%,62
sslc mark percentage calculator,0,4,0%,64
marks to percentage,0,4,0%,65.5
mark calculator,0,4,0%,66.25
bank loan calculator,0,4,0%,67.75
car loan calculator pakistan,0,4,0%,69.75
zakat calculator pakistan,0,4,0%,78
zakat calculator pkr,0,4,0%,87
zakat percentage,0,4,0%,87
percentage of marks,0,4,0%,88.5
zakat amount,0,4,0%,94
how to calculate provident fund,0,3,0%,4
how much provident fund will i get,0,3,0%,6.67
pf profit,0,3,0%,6.67
how provident fund is calculated,0,3,0%,7.33
gratuity tax calculator,0,3,0%,7.67
sbp zakat nisab 2026,0,3,0%,7.67
how much pf is deducted from salary,0,3,0%,8.67
zakat calculator pakistan 2026 urdu,0,3,0%,9.33
marks obtained,0,3,0%,10
how much provident fund is deducted from salary,0,3,0%,10.33
how many kanal in murabba,0,3,0%,11.33
kanal in murabba,0,3,0%,11.67
gratuity amount,0,3,0%,12
how many kanals in murabba,0,3,0%,12
retirement savings guide pakistan 2026,0,3,0%,20.33
pension scheme calculator,0,3,0%,34.33
fbr tax slabs,0,3,0%,34.67
mark calculator percentage,0,3,0%,53.33
provident fund in pakistan,0,3,0%,61.33
how to calculate marks percentage,0,3,0%,62.67
how to calculate percentage marks,0,3,0%,69
cgpa calculator pakistan,0,3,0%,71
car installment calculator,0,3,0%,71.33
pakistan income tax calculator,0,3,0%,71.67
tax slabs,0,3,0%,73.67
how to calculate gpa in pakistan,0,3,0%,74.67
pension calculator,0,3,0%,74.67
taxable salary in pakistan,0,3,0%,80
zakat on savings,0,3,0%,80.33
income tax calculator pakistan,0,3,0%,82
how much income tax in pakistan,0,3,0%,82.67
tax on freelancers in pakistan,0,3,0%,83
auto loan calculator,0,3,0%,83.67
taxable income slab,0,3,0%,84.67
zakat in pakistan,0,3,0%,86
tax slabs pakistan,0,3,0%,86.67
tax slab,0,3,0%,90.67
investment calculator,0,3,0%,92.33
how to calculate plus two mark percentage,0,3,0%,94
provident calculator,0,2,0%,2.5
4cgpa,0,2,0%,4.5
percentage of provident fund,0,2,0%,4.5
minhaj zakat calculator,0,2,0%,5
monthly emi,0,2,0%,5
pf calculation,0,2,0%,5.5
pf fund percentage,0,2,0%,5.5
zakat calculator 2025 pakistan,0,2,0%,6
p.f calculator,0,2,0%,6.5
gratuity calculator for private employees,0,2,0%,7
monthly instalment calculator,0,2,0%,7
pf percentage,0,2,0%,7
pakistan gratuity calculator,0,2,0%,7.5
zakat calculator 2026 pakistan urdu,0,2,0%,7.5
40 gaz in marla,0,2,0%,8
how to calculate matric result percentage,0,2,0%,8
marks to grade,0,2,0%,8
percentage of marks for college admission 10th class,0,2,0%,8
pf calculation in salary,0,2,0%,8
zakat calculator 2026,0,2,0%,8
gratuity in pakistan,0,2,0%,8.5
percentage finder calculator,0,2,0%,9
pf deduction amount,0,2,0%,9
pum calculator,0,2,0%,9
shoukat official income 2025,0,2,0%,9
26 marla in kanal,0,2,0%,9.5
hssc percentage calculator,0,2,0%,9.5
matric marks percentage calculator,0,2,0%,9.5
one murabba equal to kanal,0,2,0%,9.5
8 marla in gaz,0,2,0%,10
typical profit margin grocery store pakistan,0,2,0%,10
4 murabba in kanal,0,2,0%,10.5
is provident fund taxable in pakistan,0,2,0%,10.5
murabba feet to marla,0,2,0%,10.5
provident fund deduction percentage,0,2,0%,10.5
zakat calculator gold tola pakistan,0,2,0%,10.5
300 watt use in 8 hours how much bill come in pakistan,0,2,0%,11
how much kanal in one murabba,0,2,0%,11.5
obtained marks,0,2,0%,11.5
what is 15/26 in gratuity calculation,0,2,0%,11.5
marks score,0,2,0%,12
kanal to murabba,0,2,0%,13
pakistan income tax slabs 2025-2026 salaried individuals,0,2,0%,16.5
retirement calculator pakistan,0,2,0%,18.5
marla to kanal converter,0,2,0%,19
zakat nisab pakistan,0,2,0%,37
how many kanal in one murabba,0,2,0%,41.5
how to check aggregate marks,0,2,0%,43.5
fbr salary tax slabs,0,2,0%,46.5
marks in percentage,0,2,0%,54
vps calculator,0,2,0%,55
befiler tax calculator,0,2,0%,56
calculate percentage marks,0,2,0%,56
how to calculate percentage for marks,0,2,0%,56.5
gpa calculator pakistan,0,2,0%,58
how to calculate gratuity in pakistan,0,2,0%,60.5
how to calculate marks into percentage,0,2,0%,62
marks percentage,0,2,0%,62
how to find percentage in marks,0,2,0%,62.5
zakat nisab 2026 pakistan,0,2,0%,62.5
marks into percentage,0,2,0%,64.5
how calculate percentage of marks,0,2,0%,65.5
how to calculate marks from percentage,0,2,0%,65.5
fbr tax calculator,0,2,0%,66
tax on income in pakistan,0,2,0%,68.5
result percentage,0,2,0%,70
gratuity,0,2,0%,71.5
car loan calculator,0,2,0%,72.5
income tax on salary,0,2,0%,72.5
tax on freelance work,0,2,0%,75.5
fbr income tax slab,0,2,0%,76
pakistan tax rate,0,2,0%,77
tax rate in pakistan,0,2,0%,77
income tax rates in pakistan,0,2,0%,77.5
tax slab in pakistan,0,2,0%,77.5
tax slab pakistan,0,2,0%,77.5
zakat calculator on gold pakistan,0,2,0%,77.5
income tax slab rates,0,2,0%,78
new tax slabs pakistan,0,2,0%,78
salary income tax slabs,0,2,0%,78
1 marla to gaz,0,2,0%,79
tax slabs in pakistan,0,2,0%,79.5
car financing calculator pakistan,0,2,0%,80
income tax slab,0,2,0%,80
salary income tax calculator,0,2,0%,80
tax percentage in pakistan,0,2,0%,80
calculate income tax pakistan,0,2,0%,80.5
taxable income in pakistan,0,2,0%,81
how to calculate mark in percentage,0,2,0%,81.5
income tax percentage in pakistan,0,2,0%,81.5
salary tax slabs,0,2,0%,82
on how much amount zakat is applicable,0,2,0%,82.5
pakistan tax rates,0,2,0%,82.5
percentage of zakat on money,0,2,0%,82.5
percentage marks,0,2,0%,83
salary tax in pakistan,0,2,0%,83
taxes on salary in pakistan,0,2,0%,83
zakat calculator in pakistan,0,2,0%,83
salary tax pakistan,0,2,0%,83.5
gratuity calculator,0,2,0%,84
bank car loan calculator,0,2,0%,85
car finance calculator pakistan,0,2,0%,86.5
cgpa,0,2,0%,87
gratuity formula,0,2,0%,87
tax slab for salaried person,0,2,0%,87
zakat pakistan,0,2,0%,87.5
tax brackets 2025,0,2,0%,90.5
gold zakat calculator,0,2,0%,103
tax slabs in pakistan 2026,0,1,0%,1
550 marks percentage,0,1,0%,2
contribution to pf,0,1,0%,2
emi price,0,1,0%,2
provident fund deduction,0,1,0%,2
specific calculator,0,1,0%,2
what is the gratuity amount,0,1,0%,2
gratuity fund calculator,0,1,0%,3
pf component,0,1,0%,3
pf deduction percentage calculator,0,1,0%,3
what will be the gratuity amount for 5 years,0,1,0%,3
calculation of provident fund,0,1,0%,4
emi payment,0,1,0%,4
instalment calculator,0,1,0%,4
percentage of pf,0,1,0%,4
pf how much percentage,0,1,0%,4
provident fund salary,0,1,0%,4
zakat calculator in rupees,0,1,0%,4
emi calulator,0,1,0%,5
loan emi details check,0,1,0%,5
marks obtained out of marks,0,1,0%,5
online loan emi calculator,0,1,0%,5
percentage of matric result,0,1,0%,5
pf contribution,0,1,0%,5
pf is how much percentage of basic,0,1,0%,5
retirement gratuity calculator,0,1,0%,5
464 marks in percentage,0,1,0%,6
academic score calculator,0,1,0%,6
calculate my pf amount,0,1,0%,6
emi plan,0,1,0%,6
emi tax calculator,0,1,0%,6
for marks,0,1,0%,6
gratuity calculation,0,1,0%,6
gratuity calculator in private sector,0,1,0%,6
how pf is calculated,0,1,0%,6
marla to kanal conversion pakistan,0,1,0%,6
"pakistan income tax slabs for salaried individuals tax year 2026 finance 
act 2025",0,1,0%,6
per month emi,0,1,0%,6
pf amount percentage,0,1,0%,6
pf deduction percentage from salary,0,1,0%,6
pf is deducted on which amount,0,1,0%,6
result calculator,0,1,0%,6
zakat 2026 calculator,0,1,0%,6
zakat nisab 2026 calculator,0,1,0%,6
1.5 kwh electricity price,0,1,0%,7
10000 salary pf deduction,0,1,0%,7
20 marks ka percentage kitna hoga,0,1,0%,7
26 units of electricity cost,0,1,0%,7
bank balance for zakat deduction,0,1,0%,7
equated monthly installment,0,1,0%,7
gratuity calculation 2026,0,1,0%,7
how much emi for 30 lakh loan,0,1,0%,7
how much is provident fund contribution,0,1,0%,7
salary pf,0,1,0%,7
zakat deduction from bank account 2025,0,1,0%,7
1 canal in gaz,0,1,0%,8
acgpa,0,1,0%,8
emi monthly,0,1,0%,8
fbr tax slabs 2025-26 pakistan,0,1,0%,8
gratuity calculation based on basic or gross,0,1,0%,8
how much percentage of salary is deducted for pf,0,1,0%,8
land calculator pakistan,0,1,0%,8
monthly emi calculator,0,1,0%,8
out of marks,0,1,0%,8
percentage marks meaning,0,1,0%,8
percentage of pf deduction from salary,0,1,0%,8
10th percentage,0,1,0%,9
canal into gaz,0,1,0%,9
gratuity is calculated on basic or gross,0,1,0%,9
gratuity is on basic or gross,0,1,0%,9
how can i calculate my gratuity,0,1,0%,9
how is pf and gratuity calculated,0,1,0%,9
how to calculate pf,0,1,0%,9
how to calculate ssc percentage,0,1,0%,9
hssc percentage,0,1,0%,9
kanal into gaz,0,1,0%,9
percentage 10th class,0,1,0%,9
1 kanal to acres conversion pakistan,0,1,0%,10
20 marla in gaz,0,1,0%,10
550 marks in percentage,0,1,0%,10
696 out of 1100 percentage,0,1,0%,10
academic marks calculator,0,1,0%,10
car loan emi calculator pakistan,0,1,0%,10
current grades,0,1,0%,10
gratuity calculation on gross or basic,0,1,0%,10
gratuity fund calculation,0,1,0%,10
income tax on 72000,0,1,0%,10
provident fund contribution rate,0,1,0%,10
zakat calculator meezan bank,0,1,0%,10
eid zakat calculator,0,1,0%,11
government gratuity calculator,0,1,0%,11
gratuity days calculator,0,1,0%,11
how to find gratuity amount in payslip,0,1,0%,11
kanal to gaz converter,0,1,0%,11
monthly installment calculator,0,1,0%,11
pf deduction rate,0,1,0%,11
pf deduction rate on salary,0,1,0%,11
sarsahi to marla,0,1,0%,11
ssc marks percentage calculator,0,1,0%,11
2 kanal in gaz,0,1,0%,12
4000 gaz in kanal,0,1,0%,12
daily wages gratuity calculation,0,1,0%,12
freelance taxes calculator,0,1,0%,12
gravity salary,0,1,0%,12
how to calculate percentage of matric marks,0,1,0%,12
how to calculate percentage of ssc marks,0,1,0%,12
ijarah calculator,0,1,0%,12
is gratuity based on basic or gross,0,1,0%,12
pf calculation formula,0,1,0%,12
pf deduction on salary,0,1,0%,12
pf plans,0,1,0%,12
pf tool,0,1,0%,12
provident fund percentage of salary,0,1,0%,12
zakat calendar,0,1,0%,12
pf percentage on basic salary,0,1,0%,13
how to calculate zakat,0,1,0%,14
fbr pakistan tax rates 2026,0,1,0%,15
provident fu,0,1,0%,15
calculate freelance taxes,0,1,0%,17
freelance calculator tax,0,1,0%,17
investment calculator pakistan,0,1,0%,17
vps calculator pakistan,0,1,0%,17
pakistan income tax rates 2025-2026 salaried individuals,0,1,0%,18
zakat deduction 2026,0,1,0%,18
emi monthly payment,0,1,0%,19
zakat on pkr1 crore in pakistan,0,1,0%,19
freelancing income per month,0,1,0%,20
gpf fund calculator,0,1,0%,20
tax on gratuity in pakistan,0,1,0%,20
bank finance calculator,0,1,0%,21
bank monthly profit calculator in pakistan,0,1,0%,22
first division percentage,0,1,0%,27
bank calculator loan,0,1,0%,29
result percentage calculator,0,1,0%,29
zakat rate pakistan 2026,0,1,0%,30
nisab zakat 2021,0,1,0%,31
freelance tax calculator,0,1,0%,32
per tola zakat 2026,0,1,0%,34
of marks,0,1,0%,36
murabba to marla,0,1,0%,37
electricity bills in pakistan,0,1,0%,42
aggregate calculator marks,0,1,0%,43
grade percentage in pakistan,0,1,0%,43
a grade percentage in pakistan,0,1,0%,44
300 unit electricity bill in pakistan,0,1,0%,46
100 gaz in marla,0,1,0%,47
how much do freelancers pay in taxes,0,1,0%,47
nisab for zakat 2026,0,1,0%,47
gratuity policy in pakistan,0,1,0%,48
freelancer tax calculator,0,1,0%,49
12 mark percentage calculator,0,1,0%,50
how to get the percentage of marks,0,1,0%,50
how to find marks percentage,0,1,0%,51
marks to percentage converter,0,1,0%,51
zakat pakistan calculator,0,1,0%,51
gratuity rules in pakistan,0,1,0%,52
marks aggregate calculator,0,1,0%,52
nisab e zakat,0,1,0%,53
emi calculator emi calculator,0,1,0%,54
1 jerib to marla,0,1,0%,55
aggregate percentage calculator,0,1,0%,55
pakistan car loan calculator,0,1,0%,56
what is gratuity fund,0,1,0%,56
fbr calculator,0,1,0%,57
profits calculator,0,1,0%,57
grades according to percentage in pakistan,0,1,0%,58
how to make percentage of marks,0,1,0%,58
how to take percentage of marks,0,1,0%,58
zakat nisab 2021 pakistan,0,1,0%,58
minimum amount for zakat,0,1,0%,59
profit rate calculator,0,1,0%,59
marks percentage formula,0,1,0%,60
calculator for grades,0,1,0%,61
profit calculator,0,1,0%,61
daraz profit calculator,0,1,0%,62
pakistan electricity bill calculator,0,1,0%,62
1 karnal is equal to,0,1,0%,63
calculate mark percentage,0,1,0%,63
calculating percentage of marks,0,1,0%,64
how to calculate percentage from marks,0,1,0%,64
how to find mark percentage,0,1,0%,64
how to find percentage marks,0,1,0%,64
how much zakat on 1 tola gold in pakistan,0,1,0%,65
how to calculate exam marks percentage,0,1,0%,65
how to calculate gpa from marks in pakistan,0,1,0%,65
how to calculate marks in percentage,0,1,0%,65
how to calculate percentage of marks of 10th class,0,1,0%,65
how to calculate percentage with marks,0,1,0%,65
income taxes,0,1,0%,65
kanal to guz,0,1,0%,65
tax calculator pakistan,0,1,0%,65
1 division percentage,0,1,0%,66
electricity bill calculator,0,1,0%,66
freelance income tax,0,1,0%,66
how to calculate gpa pakistan,0,1,0%,66
marla to gaz,0,1,0%,66
zakat percent,0,1,0%,66
500 unit electricity bill in pakistan,0,1,0%,67
acre to marla,0,1,0%,67
calculate electricity bill online,0,1,0%,67
electric bill computation,0,1,0%,67
online income tax calculator,0,1,0%,67
percentage calculator from marks,0,1,0%,67
1 marla in gaz,0,1,0%,68
how to take out percentage of marks,0,1,0%,68
energy bill calculator,0,1,0%,69
fbr salary tax calculator,0,1,0%,69
installment loan calculator,0,1,0%,69
loan and emi calculator,0,1,0%,69
new income tax calculator,0,1,0%,69
salary tax calculator fbr,0,1,0%,69
zakat calculator pakistan 2021 in urdu,0,1,0%,69
1 unit kwh calculator pakistan,0,1,0%,70
bank profit calculator,0,1,0%,70
fbr income tax calculator,0,1,0%,70
how to calculate hsc percentage,0,1,0%,70
income tax rate in pakistan,0,1,0%,70
nisab threshold 2025,0,1,0%,70
percentage formula of marks,0,1,0%,70
saving account profit calculator,0,1,0%,70
tax calculator 2025 26 pakistan,0,1,0%,70
zakat calculator in pkr,0,1,0%,70
zakat what percentage,0,1,0%,70
car loan calculator in pakistan,0,1,0%,71
electricity bill calculator pakistan,0,1,0%,71
zakat nisab 2026,0,1,0%,71
how much zakat on 1 lakh rupees,0,1,0%,72
income tax slab salary,0,1,0%,72
tax bracket pakistan,0,1,0%,72
tax on income,0,1,0%,72
convert marks into percentage,0,1,0%,73
grades percentage calculator,0,1,0%,73
how much zakat is deducted from bank account,0,1,0%,73
income tax pakistan calculator,0,1,0%,73
new income tax slab 2024 25,0,1,0%,73
calculator auto loan,0,1,0%,74
freelance taxation,0,1,0%,74
how calculate zakat,0,1,0%,74
how to take out the percentage of marks,0,1,0%,74
income tax slab pakistan,0,1,0%,74
loan for car calculator,0,1,0%,74
pakistan income tax brackets,0,1,0%,74
tax brackets pakistan,0,1,0%,74
tax calculator income tax,0,1,0%,74
tax salary calculator pakistan,0,1,0%,74
zakat on 1 tola gold in pakistan 2023,0,1,0%,74
bill estimator,0,1,0%,75
calculator income tax,0,1,0%,75
income tax from salary,0,1,0%,75
income tax slabs pakistan,0,1,0%,75
loan calculator on car,0,1,0%,75
salary deduction tax,0,1,0%,75
12 marks percentage calculator,0,1,0%,76
annual taxable income calculator,0,1,0%,76
bmi a,0,1,0%,76
how to calculate percentage of marks of 6 subjects,0,1,0%,76
income tax salary calculator,0,1,0%,76
income tax slab on salary,0,1,0%,76
pakistan income tax slabs,0,1,0%,76
salary taxation in pakistan,0,1,0%,76
tax income calculator,0,1,0%,76
calculate percentage exam,0,1,0%,77
current tax slabs in pakistan,0,1,0%,77
fbr tax rates,0,1,0%,77
latest income tax slab,0,1,0%,77
monthly income tax calculator,0,1,0%,77
pakistan tax brackets,0,1,0%,77
tax on salaries in pakistan,0,1,0%,77
zakat online,0,1,0%,77
how to convert marks into percentage,0,1,0%,78
marks calculator,0,1,0%,78
monthly tax calculator,0,1,0%,78
pakistan loan calculator,0,1,0%,78
tax deduction from salary,0,1,0%,78
zakat calculator for gold in pakistan,0,1,0%,78
car loan loan calculator,0,1,0%,79
installment calculator,0,1,0%,79
islamic zakat percentage,0,1,0%,79
latest tax slab,0,1,0%,79
new tax slabs,0,1,0%,79
pakistan salary tax slabs,0,1,0%,79
salary tax rate,0,1,0%,79
tax on salary calculator,0,1,0%,79
business income tax slab,0,1,0%,80
calculation zakat,0,1,0%,80
calculator loan car,0,1,0%,80
calculator zakat,0,1,0%,80
car lease calculator pakistan,0,1,0%,80
income to tax calculator,0,1,0%,80
tax calculator monthly,0,1,0%,80
tax calculator on salary,0,1,0%,80
tax calculator salary,0,1,0%,80
banking loan calculator,0,1,0%,81
calculator for bank loan,0,1,0%,81
fbr income tax slabs 2024-25,0,1,0%,81
property gain tax calculator,0,1,0%,81
retirement calculator,0,1,0%,81
retirement plan,0,1,0%,81
salary calculator income tax,0,1,0%,81
tax bracket,0,1,0%,81
zakat nisab 2025 pakistan,0,1,0%,81
calculate the income tax,0,1,0%,82
car on loan calculator,0,1,0%,82
how do i calculate zakat,0,1,0%,82
salaried tax slabs,0,1,0%,82
tax deduction on salary,0,1,0%,82
zakat nisab in pakistan 2026,0,1,0%,82
calculate percentage score,0,1,0%,83
pakistan income tax rate,0,1,0%,83
personal loan calculator,0,1,0%,83
recent tax slab,0,1,0%,83
tax brackets,0,1,0%,83
tax rates pakistan,0,1,0%,83
calculer zakat,0,1,0%,84
car vehicle loan calculator,0,1,0%,84
gradefinder,0,1,0%,84
income tax calculation,0,1,0%,84
income tax rates pakistan,0,1,0%,84
loan loan repayment calculator,0,1,0%,84
pakistan salary tax,0,1,0%,84
pakistan tax slabs,0,1,0%,84
salary tax calculator,0,1,0%,84
what is the zakat percentage,0,1,0%,84
zakat calculator pakistan rupees,0,1,0%,84
how do you calculate income tax,0,1,0%,85
how to calculate taxable income in pakistan,0,1,0%,85
income tax calculator for salary,0,1,0%,85
income tax rate,0,1,0%,85
income tax rate pakistan,0,1,0%,85
income tax salary slab,0,1,0%,85
investment calc,0,1,0%,85
pension calculator online,0,1,0%,85
tax slab 2024-25,0,1,0%,85
tax slab 2025,0,1,0%,85
banks loan calculator,0,1,0%,86
calculator for personal loans,0,1,0%,86
car finance calculator,0,1,0%,86
gp fund calculator pakistan,0,1,0%,86
salaried tax slab,0,1,0%,86
zakat payment,0,1,0%,86
calculator car finance,0,1,0%,87
car calculator pakistan,0,1,0%,87
personal loans calculator,0,1,0%,87
tax on salary,0,1,0%,87
tax on salary in pakistan,0,1,0%,87
what is the percentage for zakat,0,1,0%,87
zakat online calculator,0,1,0%,87
auto finance calculator,0,1,0%,88
business income tax calculator pakistan,0,1,0%,88
calculator return on investment,0,1,0%,88
car loans calculator,0,1,0%,88
percentage to marks calculator,0,1,0%,88
salary and tax,0,1,0%,88
zakat ka nisab in urdu,0,1,0%,88
loan calculator personal loan,0,1,0%,89
pakistan zakat calculator,0,1,0%,89
retirement savings plan,0,1,0%,89
zakat calculator in pakistani rupees 2021,0,1,0%,89
cgpa stands for in pakistan,0,1,0%,91
islamic relief zakat calculator,0,1,0%,91
nisab zakat,0,1,0%,91
salary tax calculator pakistan,0,1,0%,91
bank car finance calculator,0,1,0%,92
cgpa chart,0,1,0%,92
new tax slab 2024,0,1,0%,92
zakat calculator on gold,0,1,0%,92
zakat rules,0,1,0%,92
calculate zakat,0,1,0%,93
income tax slab for salaried person,0,1,0%,93
salary calculator tax,0,1,0%,93
salary tax slab,0,1,0%,93
tax calculation on salary,0,1,0%,93
tax rates,0,1,0%,93
bank loan estimate,0,1,0%,94
how to zakat calculator,0,1,0%,94
income tax rates,0,1,0%,94
salary tax slabs 2024-25 pakistan,0,1,0%,94
car leasing calculator pakistan,0,1,0%,95
zakat+calculator,0,1,0%,95
income tax details,0,1,0%,96
loan calculator for personal loan,0,1,0%,96
zakat calculator in pakistani rupees,0,1,0%,96
zakat on gold calculator,0,1,0%,96
income tax calculator 2024-25,0,1,0%,97
salaried income tax slab,0,1,0%,97
investment calculation,0,1,0%,98
marks calculate percentage,0,1,0%,98
loan calculator emi,0,1,0%,99
zakat calculator rupees,0,1,0%,99
zakat calculator online,0,1,0%,100
pakistan cgpa calculator,0,1,0%,115